,username,description,location,following,followers,totaltweets,retweetcount,text,hashtags
0,C_Coolidge,"#Ukraine
@Ukraine
@ZelenskyyUa
@Kyiv
@KyivPost
@KyivIndependent

Weather:
@NWSTornado
@NWSSevereTStorm
@NWSFlashFlood
@NWS

I cannot follow back per @Twitter",,13852,12564,547152,42,"Russian disinformation now really scraping the barrel: Hunter Biden and George Soros funded US biolabs in Ukraine, tested drugs on Ukrainian army, says Igor Kirillov, of the Russian Armed Forces, ""reports"" Ria earlier today https://t.co/DZ3NBWYP7q",[]
1,5smooth_stones,Resurrection from The Matrix. Veteran. Watchman on the Wall helping you cut through the lies and see the truth around you. @5smoothstones at Truth Social,Where it all began,1002,1096,48274,0,Russia makes new allegations about US-funded biolabs in Ukraine ‚Äì Nwo Report https://t.co/Si54yfECkf,[]
2,healthmatrixnet,Family medicine doctor and paleochristian.,,668,786,29892,0,Russia makes new allegations about US-funded biolabs in Ukraine -- https://t.co/qeIxlIB98W https://t.co/dYrcAd0l2Q,[]
3,21Earther,,United States,6433,5921,10675,0,Russia makes new allegations about US-funded biolabs in Ukraine https://t.co/XAcyiGFjRq,[]
4,socioecohistory,,,0,417,62069,0,New post: US-Funded Ukrainian Biolabs Created Biological Weapons And Dangerous Pathogens https://t.co/udYdxR00hB,[]
5,ellaadams20161,"#If PASTORS can reject The King James Bible for its inaccuracies #Why can‚Äôt PASTORS reject the Democrat Party for its INACCURACIES. #SUCH as the KKK, JIM CROW.",,228,88,45050,0,"Biolabs in Ukraine: Who are Metabiota‚Äôs investors?
BY RHODA WILSON ON MARCH 20, 2022 ‚Ä¢ ( 44 COMMENTS )

Listen Now
 
https://t.co/5P8kSjtf3g logo

Metabiota, the US company funded by US Department of Defence‚Äôs Threat Reduction Agency (‚ÄúDTRA‚Äù) to operate biolabs in Ukraine,",[]
6,GingerMcFall,"Watcher of the world, it gets more entertaining by the minute, hour and year. Veteran.",Blue Ridge Mountains,4996,1536,264063,63,"Metabiota, the US firm funded by the Pentagon's Threat Reduction Agency (‚ÄúDTRA‚Äù) to operate biolabs in Ukraine, was founded by Nathan Wolfe. 
[4 October, 2016 representatives of Ukraine, Poland &amp; USA ‚ÄúRegional Collaboration on Biological Security"" Lviv]
https://t.co/kBJzXdEDG7 https://t.co/nUNCYsKjeR",[]
7,behemoth_mark,"‚ÄúThe truth is like a lion; 
you don‚Äôt have to defend it. 
Let it loose; 
it will defend itself.‚Äù

‚Äï Augustine of Hippo",,639,346,29625,2,"Russia is not losing in Ukraine, so why does U.S. insinuate Russia is such a loser it may use WMD? Perhaps U.S. funded &amp; run biolabs in Ukraine are as dirty as Russia claims so pointing finger away from US? Hunter Biden involved in building Ukie labs.
 https://t.co/1MxJvkUCrd",[]
8,johnwood20191,üëÅüíñTwitter...üòâ,,1264,484,88741,2,"Russia is not losing in Ukraine, so why does U.S. insinuate Russia is such a loser it may use WMD? Perhaps U.S. funded &amp; run biolabs in Ukraine are as dirty as Russia claims so pointing finger away from US? Hunter Biden involved in building Ukie labs.
 https://t.co/1MxJvkUCrd",[]
9,sherivandenburg,"M.E. politics: Bahrain, Arabia, UAE, Qatar, Iran, Iraq, Syria, Lebanon. UW & SOAS alum. Blogs food, art, politics. Cookie designer. Painting by Torred Bey.",Seattle,1079,293,17302,2,"Russia is not losing in Ukraine, so why does U.S. insinuate Russia is such a loser it may use WMD? Perhaps U.S. funded &amp; run biolabs in Ukraine are as dirty as Russia claims so pointing finger away from US? Hunter Biden involved in building Ukie labs.
 https://t.co/1MxJvkUCrd",[]
10,HowWeLostTheWar,Behind every wooden horse is a woodshop,,1247,89,2496,42,"Russian disinformation now really scraping the barrel: Hunter Biden and George Soros funded US biolabs in Ukraine, tested drugs on Ukrainian army, says Igor Kirillov, of the Russian Armed Forces, ""reports"" Ria earlier today https://t.co/DZ3NBWYP7q",[]
11,chika_sara,ÂÖàÊó•„ÄÅ‰πÖ„Åó„Å∂„Çä„ÅßÊ∏ÖÂøóÈÉé„Åï„Çì„ÅÆ„É©„Éñ„Éü„Éº„ÉÜ„É≥„ÉÄ„Éº„ÇíËÅû„ÅÑ„Åü„ÇâÊ∂ô„ÅåÊ≠¢„Åæ„Çâ„Å™„Åã„Å£„Åü„ÄÇ„ÄÇ„ÄÇ „Å™„Çì„Åß‰ªä„Åæ„ÅßÈ®ô„Åï„Çå„Å¶„Åç„Åü„ÅÆ„Åã„Å™„ÅÅ„ÄÇ„ÄÇ„ÄÇÊòü„Å´Á•à„Çä„Çí„ÄÇ,,3771,5362,370561,4,"Metabiota, the US firm funded by the Pentagon's Threat Reduction Agency (‚ÄúDTRA‚Äù) to operate biolabs in Ukraine, was founded by Nathan Wolfe. 
[4 October, 2016 representatives of Ukraine, Poland &amp; USA ‚ÄúRegional Collaboration on Biological Security"" Lviv]
https://t.co/STyl0WXhhs https://t.co/WuE22ttP1S",[]
12,126mgp,,,377,297,56497,42,"Russian disinformation now really scraping the barrel: Hunter Biden and George Soros funded US biolabs in Ukraine, tested drugs on Ukrainian army, says Igor Kirillov, of the Russian Armed Forces, ""reports"" Ria earlier today https://t.co/DZ3NBWYP7q",[]
13,DidrikStrandell,European üá™üá∫ - Svensk üá∏üá™ - Socialistüåπ,,2821,274,30434,42,"Russian disinformation now really scraping the barrel: Hunter Biden and George Soros funded US biolabs in Ukraine, tested drugs on Ukrainian army, says Igor Kirillov, of the Russian Armed Forces, ""reports"" Ria earlier today https://t.co/DZ3NBWYP7q",[]
14,worldnews24eu,"Daily World 24News,bringing you the most up to date and reliable Be the first to know with worldnews24: https://t.co/6nS7PjO0ti:",,1609,269,5963,0,"Fund run by US President Joe Biden's  son involved in financing biolabs in Ukraine: Russia: The Russian Defence Ministry has claimed that investment fund Rosemont Seneca, currently managed by US President Joe Biden's son Hunter, funded the Pentagon's https://t.co/VZC7ZHEdKs https://t.co/ldwUgkXmVN",[]
15,kulioma3000,,,2489,1118,123521,4,"Fund run by Biden's son involved in financing biolabs in Ukraine: Russia: The Russian Defence Ministry has claimed that investment fund Rosemont Seneca, currently managed by US President Joe Biden's son Hunter, funded the Pentagon's military biological  https://t.co/Y5tU3lg696 https://t.co/3HzvLWku6p",[]
16,nopporn90,‡πÄ‡∏´‡∏•‡∏∑‡∏≠‡∏á‡πÄ‡∏™‡∏£‡∏µ ‡πÑ‡∏°‡πà‡∏°‡∏µ‡∏™‡∏±‡∏á‡∏Å‡∏±‡∏î ‡πÄ‡∏ó‡∏¥‡∏î‡∏ó‡∏π‡∏•‡∏™‡∏ñ‡∏≤‡∏ö‡∏±‡∏ô‡∏Å‡∏©‡∏±‡∏ï‡∏£‡∏¥‡∏¢‡πå ‡∏ä‡∏±‡πà‡∏ß‡∏Å‡∏±‡∏ö‡∏î‡∏µ‡πÑ‡∏°‡πà‡∏°‡∏µ‡∏Å‡∏∂‡πà‡∏á‡∏Å‡∏•‡∏≤‡∏á ‡∏Ç‡∏≠‡∏¢‡∏∑‡∏ô‡∏≠‡∏¢‡∏π‡πà‡∏Ç‡πâ‡∏≤‡∏á‡∏Ñ‡∏ß‡∏≤‡∏°‡∏ñ‡∏π‡∏Å‡∏ï‡πâ‡∏≠‡∏á ‡∏£‡∏±‡∏Å‡∏ä‡∏≤‡∏ï‡∏¥  ‡πÄ‡∏Å‡∏•‡∏µ‡∏¢‡∏î‡∏ó‡∏±‡∏Å‡∏©‡∏¥‡∏ì‡πÑ‡∏°‡πà‡πÄ‡∏≠‡∏≤‡∏ô‡∏±‡∏Å‡∏Å‡∏≤‡∏£‡πÄ‡∏°‡∏∑‡∏≠‡∏á‡πÄ‡∏•‡∏ß‡∏Ç‡∏≤‡∏¢‡∏ä‡∏≤‡∏ï‡∏¥‡∏õ‡∏•‡πâ‡∏ô‡πÅ‡∏ú‡πà‡∏ô‡∏î‡∏¥‡∏ô.,‡πÅ‡∏ú‡πà‡∏ô‡∏î‡∏¥‡∏ô‡πÑ‡∏ó‡∏¢,1686,8266,59838,4,"Fund run by Biden's son involved in financing biolabs in Ukraine: Russia: The Russian Defence Ministry has claimed that investment fund Rosemont Seneca, currently managed by US President Joe Biden's son Hunter, funded the Pentagon's military biological  https://t.co/Y5tU3lg696 https://t.co/3HzvLWku6p",[]
17,LANKATIME1,https://t.co/8JAhuuuMU8,,2152,85,7977,4,"Fund run by Biden's son involved in financing biolabs in Ukraine: Russia: The Russian Defence Ministry has claimed that investment fund Rosemont Seneca, currently managed by US President Joe Biden's son Hunter, funded the Pentagon's military biological  https://t.co/Y5tU3lg696 https://t.co/3HzvLWku6p",[]
18,worldnewstop247,World News Top 24 The World News On The Latest English & Spanish language (Noticias sobre idioma ingl√©s y espa√±ol) https://t.co/eDtbmquSo6,,863,123,6950,4,"Fund run by Biden's son involved in financing biolabs in Ukraine: Russia: The Russian Defence Ministry has claimed that investment fund Rosemont Seneca, currently managed by US President Joe Biden's son Hunter, funded the Pentagon's military biological  https://t.co/Y5tU3lg696 https://t.co/3HzvLWku6p",[]
19,DailyWorld24,"DAILY NEWS WORLD 24&ENTERTAINMENT @WWE/@AEW 
24News,bringing you the most up to date and reliable regional,Be the first to know with https://t.co/8fsGaLp0sS",Switzerland,2404,1484,11478,4,"Fund run by Biden's son involved in financing biolabs in Ukraine: Russia: The Russian Defence Ministry has claimed that investment fund Rosemont Seneca, currently managed by US President Joe Biden's son Hunter, funded the Pentagon's military biological  https://t.co/Y5tU3lg696 https://t.co/3HzvLWku6p",[]
20,iHerbDeals,"#Vitamins, #Supplements & #Natural #Health Products. Daily & Weekly Special #Deals, Limited-Time #Offers!",All world,3149,4289,9297,0,Has the US Funded Bioweapons Research in Ukraine? https://t.co/mHzcCSiosz https://t.co/n92TlHFtJ7,[]
21,GunnarWiman,"Intresserad av Ryssland, historia, politik och kommunikation. Ibland i den ordningen, ibland i en annan.",Sverige,299,65,3944,42,"Russian disinformation now really scraping the barrel: Hunter Biden and George Soros funded US biolabs in Ukraine, tested drugs on Ukrainian army, says Igor Kirillov, of the Russian Armed Forces, ""reports"" Ria earlier today https://t.co/DZ3NBWYP7q",[]
22,maloninoni,Fd Geni. Fd V√§nster. Allergiskt mot or√§ttvisor & s√∂rjer att v√•rt humanistiska land numera huserar och tolererar intolerans & hat utifr√•n. Politiskt otrogen!,"G√∂teborg, Sverige",387,1147,6476,42,"Russian disinformation now really scraping the barrel: Hunter Biden and George Soros funded US biolabs in Ukraine, tested drugs on Ukrainian army, says Igor Kirillov, of the Russian Armed Forces, ""reports"" Ria earlier today https://t.co/DZ3NBWYP7q",[]
23,OAJonsson,"All things Russia, international security, old literature & new tech. Author. PhD from @warstudies.",oajonsson.com,600,34214,22027,42,"Russian disinformation now really scraping the barrel: Hunter Biden and George Soros funded US biolabs in Ukraine, tested drugs on Ukrainian army, says Igor Kirillov, of the Russian Armed Forces, ""reports"" Ria earlier today https://t.co/DZ3NBWYP7q",[]
24,_window2thesoul,"We offer Natural & Holistic Health Education, Consultations & Coaching, Hypnotherapy, Iridology and Digestive Care advice.","Waterdown, Ontario",45,14,4793,1,Has the US Funded Bioweapons Research in Ukraine? https://t.co/EISz4DZkMz https://t.co/PPuVcSMk0L,[]
25,MyArse123,Ussr twt,,966,150,6507,42,"Russian disinformation now really scraping the barrel: Hunter Biden and George Soros funded US biolabs in Ukraine, tested drugs on Ukrainian army, says Igor Kirillov, of the Russian Armed Forces, ""reports"" Ria earlier today https://t.co/DZ3NBWYP7q",[]
26,rejectionking,Bonsai Wolf. Tiny and Mighty. Adorkable chihuahua. Hobby reverser. Dogged and rigorous. Bit of a #weirdo. RT =/= endorsement. Email: theloopcast@gmail.com,Beyond The Black Wall ,5001,2666,235065,42,"Russian disinformation now really scraping the barrel: Hunter Biden and George Soros funded US biolabs in Ukraine, tested drugs on Ukrainian army, says Igor Kirillov, of the Russian Armed Forces, ""reports"" Ria earlier today https://t.co/DZ3NBWYP7q",[]
27,rich_outlaw,"Strategic Debriefer, Interrogator, former SF, SF VN vet, DET-A Berlin, JAROC-B, SME for bot nets, RU non linear warfare, RU propaganda and  US alt right trolls","Berlin, Germany",169,1324,281556,42,"Russian disinformation now really scraping the barrel: Hunter Biden and George Soros funded US biolabs in Ukraine, tested drugs on Ukrainian army, says Igor Kirillov, of the Russian Armed Forces, ""reports"" Ria earlier today https://t.co/DZ3NBWYP7q",[]
28,12345zhou1,fun,,4,1,1043,5,"#Russia's recent disclosure about the U.S.-funded #biolabs in #Ukraine has sent jitters around the globe.
Besides Ukraine, the United States has been funding secret biolabs in many countries around the world. #US
Read full: https://t.co/Mltv9b14DT https://t.co/JrYh2MQMrm","['Russia', 'biolabs', 'Ukraine']"
29,gh0std4ncer,"I came,I saw, I stuck around",,304,450,44054,42,"Russian disinformation now really scraping the barrel: Hunter Biden and George Soros funded US biolabs in Ukraine, tested drugs on Ukrainian army, says Igor Kirillov, of the Russian Armed Forces, ""reports"" Ria earlier today https://t.co/DZ3NBWYP7q",[]
30,ChristineJameis,"Socialist for: NHS, Climate protection, renewable energy, #FreeAssange and against wars, poverty, inequality, racism, factory farming + animal experimentation.",,11074,10069,722638,0,"seized from one of several Pentagon-funded biolabs in Ukraine, then blame it on the US.¬†

https://t.co/tr4pFJj8R7",[]
31,RalphieSusie,,,15,30,8322,0,The Bidens Funded the Activities of Secret US Biolabs https://t.co/4TZoTPoDbj,[]
32,LvP,"Entrepreneur, intrapreneur, new-tech/digital senior executive, interim CDO, strategy officer, digital consultant, startup mentor, modest ""Expert Generalist""","Paris, France",480,2321,12108,42,"Russian disinformation now really scraping the barrel: Hunter Biden and George Soros funded US biolabs in Ukraine, tested drugs on Ukrainian army, says Igor Kirillov, of the Russian Armed Forces, ""reports"" Ria earlier today https://t.co/DZ3NBWYP7q",[]
33,clauer,"""A force de vous comporter en moutons, vous finirez en c√¥telettes."" Cr√©ature d'Entreprise v√©n√®re. #motard #rocknroll","Paris, Ol√©ron, NYC",6540,6111,69420,42,"Russian disinformation now really scraping the barrel: Hunter Biden and George Soros funded US biolabs in Ukraine, tested drugs on Ukrainian army, says Igor Kirillov, of the Russian Armed Forces, ""reports"" Ria earlier today https://t.co/DZ3NBWYP7q",[]
34,Me62152070,Tongue Tie Twisted Just a Earth Bound Misfitüñ§,OGOC,364,111,18391,42,"Russian disinformation now really scraping the barrel: Hunter Biden and George Soros funded US biolabs in Ukraine, tested drugs on Ukrainian army, says Igor Kirillov, of the Russian Armed Forces, ""reports"" Ria earlier today https://t.co/DZ3NBWYP7q",[]
35,RomanAdamczyk5,"Investigate disinformation, extremism and all kinds of other fun things. 

Former @DisinfoEU. Now working as an analyst for @ISDglobal. RT‚â† endorsement.",,1030,400,2696,42,"Russian disinformation now really scraping the barrel: Hunter Biden and George Soros funded US biolabs in Ukraine, tested drugs on Ukrainian army, says Igor Kirillov, of the Russian Armed Forces, ""reports"" Ria earlier today https://t.co/DZ3NBWYP7q",[]
36,Rhoger_Drummond,Engineer,,551,68,4311,0,"üö® MetaBIOTA, the US company funded by US Department of Defence‚Äôs Threat Reduction Agency (‚ÄúDTRA‚Äù) to operate biolabs in Ukraine, was founded by Nathan Wolfe who is linked to the Global Virome Project, EcoHealth, World Economic Forum and Jeffrey Epstein. https://t.co/Q9FpORin4M",[]
37,AgnsEtienne1,Engag√©e pour d√©fendre les libert√©s; I want my freedom back.,,997,1020,104962,24,"""Metabiota, the US company funded by US Department of Defence‚Äôs Threat Reduction Agency (‚ÄúDTRA‚Äù) to operate biolabs in Ukraine, was founded by Nathan Wolfe who is linked to the Global Virome Project, EcoHealth, World Economic Forum and Jeffrey Epstein. 
https://t.co/QQBQPdxWhx",[]
38,AgnsEtienne1,Engag√©e pour d√©fendre les libert√©s; I want my freedom back.,,997,1020,104962,2,"Who are Metabiota‚Äôs investors?
Metabiota US company funded by US Depar't of Defence‚Äôs Threat Reduction Agency (DTRA) to operate biolabs in Ukraine founded by Nathan Wolfe who's linked to Global Virome Project, EcoHealth, WEForum and yep! Jeffrey Epstein

https://t.co/VqcqIGkHq7",[]
39,AgnsEtienne1,Engag√©e pour d√©fendre les libert√©s; I want my freedom back.,,997,1020,104962,4,"Metabiota, the US firm funded by the Pentagon's Threat Reduction Agency (‚ÄúDTRA‚Äù) to operate biolabs in Ukraine, was founded by Nathan Wolfe. 
[4 October, 2016 representatives of Ukraine, Poland &amp; USA ‚ÄúRegional Collaboration on Biological Security"" Lviv]
https://t.co/STyl0WXhhs https://t.co/WuE22ttP1S",[]
40,AgnsEtienne1,Engag√©e pour d√©fendre les libert√©s; I want my freedom back.,,997,1020,104962,7,"They use slight of hand as they always do, when they say funded by the DOD or CIA they actually mean money taken from US taxpayers to fund the Stakeholders of the New International Rules Based Order  and used for illegal and illgained means.   

https://t.co/VqcqIGkHq7",[]
41,nonilex,she/her Not Part Of The 55% I delete tweets for typos & grammatical errors,everywhere,5001,887,46394,42,"Russian disinformation now really scraping the barrel: Hunter Biden and George Soros funded US biolabs in Ukraine, tested drugs on Ukrainian army, says Igor Kirillov, of the Russian Armed Forces, ""reports"" Ria earlier today https://t.co/DZ3NBWYP7q",[]
42,NewLiesFor0ld,üá∑üá∫=üí©üá®üá≥=üí© üáÆüá±=ü§°‚ò≠=üí© Âçê=üí©,Gulag ‚úàÔ∏è Witness Protection,1915,72,4959,42,"Russian disinformation now really scraping the barrel: Hunter Biden and George Soros funded US biolabs in Ukraine, tested drugs on Ukrainian army, says Igor Kirillov, of the Russian Armed Forces, ""reports"" Ria earlier today https://t.co/DZ3NBWYP7q",[]
43,Physologius,"Physiology & Medicine | ""Science is simply common sense at its best"" | Filthy habits include Politics, Enviro. and Musicüåª",Europa ,186,388,40305,42,"Russian disinformation now really scraping the barrel: Hunter Biden and George Soros funded US biolabs in Ukraine, tested drugs on Ukrainian army, says Igor Kirillov, of the Russian Armed Forces, ""reports"" Ria earlier today https://t.co/DZ3NBWYP7q",[]
44,cliothemuse,"Sarcastic would-be Historian with a penchant for Literature, Culture, and Travel. The counselor is in.","Seattle, WA",2015,518,59746,42,"Russian disinformation now really scraping the barrel: Hunter Biden and George Soros funded US biolabs in Ukraine, tested drugs on Ukrainian army, says Igor Kirillov, of the Russian Armed Forces, ""reports"" Ria earlier today https://t.co/DZ3NBWYP7q",[]
45,dtf1947,"Business creator/operator, musician, photographer; lifelong student of history, international politics and military affairs. SAIS/Strat.  US Army 66-70",New York,293,567,46842,42,"Russian disinformation now really scraping the barrel: Hunter Biden and George Soros funded US biolabs in Ukraine, tested drugs on Ukrainian army, says Igor Kirillov, of the Russian Armed Forces, ""reports"" Ria earlier today https://t.co/DZ3NBWYP7q",[]
46,ChrisHernon,"Media, tech, data. Media freedom, disinformation ‚ú¥Ô∏è Sci fi, space, languages ‚ú¥Ô∏è Married to a Ukrainian üá∫üá¶",Here,608,667,75351,42,"Russian disinformation now really scraping the barrel: Hunter Biden and George Soros funded US biolabs in Ukraine, tested drugs on Ukrainian army, says Igor Kirillov, of the Russian Armed Forces, ""reports"" Ria earlier today https://t.co/DZ3NBWYP7q",[]
47,DanGarrett97,"Author, Documentary Photographer, Political Scientist, Visual Sociologist, PhD; Former Career NatSec Professional; Securing Tianxia LLC; Opinions My Own.","Counter-hegemonic Resistance in China's Hong Kong
Visualizing Protest in the City https://www.springer.com/gp/book/9789812872357",4355,5412,139689,42,"Russian disinformation now really scraping the barrel: Hunter Biden and George Soros funded US biolabs in Ukraine, tested drugs on Ukrainian army, says Igor Kirillov, of the Russian Armed Forces, ""reports"" Ria earlier today https://t.co/DZ3NBWYP7q",[]
48,sisu_sanity,The North Remembers.,"Land of 10,000 Lakes",5001,4570,37519,42,"Russian disinformation now really scraping the barrel: Hunter Biden and George Soros funded US biolabs in Ukraine, tested drugs on Ukrainian army, says Igor Kirillov, of the Russian Armed Forces, ""reports"" Ria earlier today https://t.co/DZ3NBWYP7q",[]
49,Ted_Newton,"Conservative, Catholic, husband & father. Former GOP operative. Proud Romney campaign staffer. Facts are stubborn things.","Washington, DC",1183,5252,18748,42,"Russian disinformation now really scraping the barrel: Hunter Biden and George Soros funded US biolabs in Ukraine, tested drugs on Ukrainian army, says Igor Kirillov, of the Russian Armed Forces, ""reports"" Ria earlier today https://t.co/DZ3NBWYP7q",[]
50,RidT,"Johns Hopkins SAIS. Author of ACTIVE MEASURES (2020), RISE OF THE MACHINES (2016), and more. Founding director at @alperovitch.",Ward 2,1184,52970,7550,42,"Russian disinformation now really scraping the barrel: Hunter Biden and George Soros funded US biolabs in Ukraine, tested drugs on Ukrainian army, says Igor Kirillov, of the Russian Armed Forces, ""reports"" Ria earlier today https://t.co/DZ3NBWYP7q",[]
